<?xml version="1.0" encoding="UTF-8"?>
<!DOCTYPE mapper PUBLIC "-//mybatis.org//DTD Mapper 3.0//EN" "http://mybatis.org/dtd/mybatis-3-mapper.dtd" >
<!-- 
  @Description: 打卡记录Mapper配置文件
  @author: 孙勤学
  @date: 2025/9/2
-->
<mapper namespace="com.example.factory.mapper.Clock_recordsMapper">
 
   <!-- 单条件获取打卡记录数量 -->
   <select id="getClock_recordsCount" resultType="int">
        SELECT COUNT(*) FROM clock_records
        <where>
	        <if test="keywords!=null">
	           AND (record_id LIKE concat('%',#{keywords},'%')
	        </if>
	        <if test="keywords!=null">
	           OR location LIKE concat('%',#{keywords},'%') )
	        </if>
        </where>
   </select>
   
   <!--单条件分页获取打卡记录记录-->
   <select id="listClock_records" resultType="Clock_records">
       SELECT * FROM clock_records
       <where>
	       <if test="keywords!=null">
	           AND (record_id LIKE concat('%',#{keywords},'%')
	       </if>
	       <if test="keywords!=null">
	            OR location LIKE concat('%',#{keywords},'%') )
	       </if>
       </where>
        ORDER BY record_id  limit #{pageNum},#{maxPageNum};
    </select>
    
    <!-- 打卡记录添加 -->    
    <insert id="addClock_records" parameterType="java.util.Map">
       INSERT INTO clock_records 
       <set>
	        <if test="record_id !=null and record_id !=''">
	           record_id=#{record_id},
	        </if>
	        <if test="employee_id !=null and employee_id !=''">
	           employee_id=#{employee_id},
	        </if>
	        <if test="clock_time !=null and clock_time !=''">
	           clock_time=#{clock_time},
	        </if>
	        <if test="device_id !=null and device_id !=''">
	           device_id=#{device_id},
	        </if>
	        <if test="location !=null and location !=''">
	           location=#{location},
	        </if>
	        <if test="type !=null and type !=''">
	           type=#{type},
	        </if>
	        <if test="status !=null and status !=''">
	           status=#{status},
	        </if>
	        <if test="created_time !=null and created_time !=''">
	           created_time=#{created_time},
	        </if>
       </set> 
    </insert>
    
    
    <!-- 打卡记录更新 -->
    <update id="updateClock_recordsById" parameterType="java.util.Map">
        UPDATE clock_records
        <set>
        	<if test="employee_id !=null and employee_id !=''">
	           employee_id=#{employee_id},
	        </if>
	        <if test="clock_time !=null and clock_time !=''">
	           clock_time=#{clock_time},
	        </if>
	        <if test="device_id !=null and device_id !=''">
	           device_id=#{device_id},
	        </if>
	        <if test="location !=null and location !=''">
	           location=#{location},
	        </if>
	        <if test="type !=null and type !=''">
	           type=#{type},
	        </if>
	        <if test="status !=null and status !=''">
	           status=#{status},
	        </if>
	        <if test="created_time !=null and created_time !=''">
	           created_time=#{created_time},
	        </if>
        </set>
        WHERE record_id=#{record_id}
    </update>
    
    <!-- 打卡记录删除 支持批量删除 item="record_id" #{record_id}-->
    <delete id="deleteClock_recordsByIds" >
        DELETE FROM clock_records WHERE record_id=#{record_id}
    </delete>
</mapper>