<?xml version="1.0" encoding="UTF-8"?>
<!DOCTYPE mapper PUBLIC "-//mybatis.org//DTD Mapper 3.0//EN" "http://mybatis.org/dtd/mybatis-3-mapper.dtd" >
<!-- 
  @Description: 部门信息Mapper配置文件
  @author: 徐天鹏
  @date: 2025/9/4
-->
<mapper namespace="com.example.factory.mapper.DepartmentsMapper">
 
   <!-- 单条件获取部门数量（单表） -->
   <select id="getDepartmentsCount" resultType="int">
        SELECT COUNT(*) FROM departments
        <where>
	        <if test="keywords!=null">
	           AND (department_id LIKE concat('%',#{keywords},'%'))
	        </if>
        </where>
   </select>
   
   <!-- 单条件获取部门数量 （多表）-->
   <select id="getDepartmentsCount02" resultType="int">
       SELECT COUNT(*) FROM departments
	   <where>
	        <if test="keywords!=null">
	           AND (department_id LIKE concat('%',#{keywords},'%'))
	        </if>	        
        </where>
   </select>
   
   <!--单条件分页获取部门记录（单表）-->
   <select id="listDepartments" resultType="Departments">
       SELECT * FROM departments
       <where>
	       <if test="keywords!=null">
	           AND (department_id LIKE concat('%',#{keywords},'%'))
	        </if>    
       </where>
        ORDER BY department_id limit #{pageNum},#{maxPageNum};
    </select>
    
       <!--单条件分页获取部门记录（多表）-->
   <select id="listDepartments02" resultType="java.util.Map">
       SELECT department_id FROM departments
	       <where>
	       <if test="keywords!=null">
	           AND (department_id LIKE concat('%',#{keywords},'%'))
	        </if> 
       </where>
        ORDER BY department_id limit #{pageNum},#{maxPageNum};
    </select>
    
    <!-- 部门信息添加 -->
    <insert id="addDepartments" parameterType="java.util.Map">
       INSERT INTO departments
       <set>
	        <if test="department_id !=null and department_id !=''">
	           department_id=#{department_id},
	        </if>
	        <if test="department_name !=null and department_name !=''">
	           department_name=#{department_name},
	        </if>
	         <if test="parent_id !=null and parent_id !=''">
	           parent_id=#{parent_id},
	        </if>
	        <if test="manager_id !=null and manager_id !=''">
	           manager_id=#{manager_id},
	        </if>
	        <if test="created_time !=null and created_time !=''">
	           created_time=#{created_time},
	        </if>
       </set> 
    </insert>
    
    
    <!-- 部门信息更新 -->
    <update id="updateDepartmentsById" parameterType="java.util.Map">
        UPDATE departments
        <set>
	        <if test="department_name !=null and department_name !=''">
	           department_name=#{department_name},
	        </if>
	         <if test="parent_id !=null and parent_id !=''">
	           parent_id=#{parent_id},
	        </if>
	        <if test="manager_id !=null and manager_id !=''">
	           manager_id=#{manager_id},
	        </if>
	        <if test="created_time !=null and created_time !=''">
	           created_time=#{created_time},
	        </if>
        </set>
        WHERE department_id=#{department_id}
    </update>
   
    <!-- 部门信息删除 支持批量删除 item="department_id" #{department_id}-->
    <delete id="deleteDepartmentsByIds" >
        DELETE FROM departments WHERE department_id=#{department_id}
    </delete>
</mapper>
    