<?xml version="1.0" encoding="UTF-8"?>
<!DOCTYPE mapper PUBLIC "-//mybatis.org//DTD Mapper 3.0//EN" "http://mybatis.org/dtd/mybatis-3-mapper.dtd" >
<!-- 
  @Description: 请假记录Mapper配置文件
  @author: 徐天鹏
  @date: 2025/9/4
-->
<mapper namespace="com.example.factory.mapper.Leave_recordsMapper">
 
   <!-- 单条件获取请假记录数量（单表） -->
   <select id="getLeave_recordsCount" resultType="int">
        SELECT COUNT(*) FROM leave_records
        <where>
	        <if test="keywords!=null">
	           AND (leave_id LIKE concat('%',#{keywords},'%'))
	        </if>
        </where>
   </select>
   
   <!-- 单条件获取请假记录数量 （多表）-->
   <select id="getLeave_recordsCount02" resultType="int">
       SELECT COUNT(*) FROM leave_records
	   <where>
	        <if test="keywords!=null">
	           AND (leave_id LIKE concat('%',#{keywords},'%'))
	        </if>	        
        </where>
   </select>
   
   <!--单条件分页获取请假记录记录（单表）-->
   <select id="listLeave_records" resultType="Leave_records">
       SELECT * FROM leave_records
       <where>
	       <if test="keywords!=null">
	           AND (leave_id LIKE concat('%',#{keywords},'%'))
	        </if>    
       </where>
        ORDER BY leave_id  limit #{pageNum},#{maxPageNum};
    </select>
    
       <!--单条件分页获取请假记录记录（多表）-->
   <select id="listLeave_records02" resultType="java.util.Map">
       SELECT leave_id FROM leave_records
	       <where>
	       <if test="keywords!=null">
	           AND (leave_id LIKE concat('%',#{keywords},'%'))
	        </if> 
       </where>

        ORDER BY leave_id  limit #{pageNum},#{maxPageNum};
    </select>
    
    <!-- 请假记录添加 -->
    <insert id="addLeave_records" parameterType="java.util.Map">
       INSERT INTO leave_records
       <set>
	        <if test="leave_id !=null and leave_id !=''">
	           leave_id=#{leave_id},
	        </if>
	        <if test="employee_id !=null and employee_id !=''">
	           employee_id=#{employee_id},
	        </if>
	         <if test="type_id !=null and type_id !=''">
	           type_id=#{type_id},
	        </if>
	        <if test="start_time !=null and start_time !=''">
	           start_time=#{start_time},
	        </if>
	        <if test="end_time !=null and end_time !=''">
	           end_time=#{end_time},
	        </if>
	         <if test="duration !=null and duration !=''">
	           duration=#{duration},
	        </if>
	         <if test="status !=null and status !=''">
	           status=#{status},
	        </if>
	         <if test="created_time !=null and created_time !=''">
	           created_time=#{created_time},
	        </if>
       </set> 
    </insert>
    
    
    <!-- 请假记录更新 -->
    <update id="updateLeave_recordsById" parameterType="java.util.Map">
        UPDATE leave_records
        <set>
	        <if test="employee_id !=null and employee_id !=''">
	           employee_id=#{employee_id},
	        </if>
	         <if test="type_id !=null and type_id !=''">
	           type_id=#{type_id},
	        </if>
	        <if test="start_time !=null and start_time !=''">
	           start_time=#{start_time},
	        </if>
	        <if test="end_time !=null and end_time !=''">
	           end_time=#{end_time},
	        </if>
	         <if test="duration !=null and duration !=''">
	           duration=#{duration},
	        </if>
	         <if test="status !=null and status !=''">
	           status=#{status},
	        </if>
	         <if test="created_time !=null and created_time !=''">
	           created_time=#{created_time},
	        </if>
        </set>
        WHERE leave_id=#{leave_id}
    </update>
   
    <!-- 请假记录删除 支持批量删除 item="leave_id" #{leave_id}-->
    <delete id="deleteLeave_recordsByIds" >
        DELETE FROM leave_records WHERE leave_id=#{leave_id}
    </delete>
</mapper>