<?xml version="1.0" encoding="UTF-8"?>
<!DOCTYPE mapper PUBLIC "-//mybatis.org//DTD Mapper 3.0//EN" "http://mybatis.org/dtd/mybatis-3-mapper.dtd" >
<!-- 
  @Description: 请假类型Mapper配置文件
  @author: 孙勤学
  @date: 2025/9/2
-->
<mapper namespace="com.example.factory.mapper.Leave_typesMapper">
 
   <!-- 单条件获取请假类型数量 -->
   <select id="getLeave_typesCount" resultType="int">
        SELECT COUNT(*) FROM leave_types
        <where>
	        <if test="keywords!=null">
	           AND (type_id LIKE concat('%',#{keywords},'%')
	        </if>
	        <if test="keywords!=null">
	           OR type_name LIKE concat('%',#{keywords},'%') )
	        </if>
        </where>
   </select>
   
   <!--单条件分页获取请假类型记录-->
   <select id="listLeave_types" resultType="Leave_types">
       SELECT * FROM leave_types
       <where>
	       <if test="keywords!=null">
	           AND (type_id LIKE concat('%',#{keywords},'%')
	       </if>
	       <if test="keywords!=null">
	            OR type_name LIKE concat('%',#{keywords},'%') )
	       </if>
       </where>
        ORDER BY type_id  limit #{pageNum},#{maxPageNum};
    </select>
    
    <!-- 请假类型添加 -->  
    <insert id="addLeave_types" parameterType="java.util.Map">
       INSERT INTO leave_types 
       <set>
	        <if test="type_id !=null and type_id !=''">
	           type_id=#{type_id},
	        </if>
	        <if test="type_name !=null and type_name !=''">
	           type_name=#{type_name},
	        </if>
	        <if test="deduct_policy !=null and deduct_policy !=''">
	           deduct_policy=#{deduct_policy},
	        </if>
	        <if test="requires_proof !=null and requires_proof !=''">
	           requires_proof=#{requires_proof},
	        </if>
	        <if test="created_time !=null and created_time !=''">
	           created_time=#{created_time},
	        </if>
       </set> 
    </insert>
    
    <!-- 请假类型更新 -->
    <update id="updateLeave_typesById" parameterType="java.util.Map">
        UPDATE leave_types
        <set>
        	 <if test="type_name !=null and type_name !=''">
	           type_name=#{type_name},
	        </if>
	        <if test="deduct_policy !=null and deduct_policy !=''">
	           deduct_policy=#{deduct_policy},
	        </if>
	        <if test="requires_proof !=null and requires_proof !=''">
	           requires_proof=#{requires_proof},
	        </if>
	        <if test="created_time !=null and created_time !=''">
	           created_time=#{created_time},
	        </if>
        </set>
        WHERE type_id=#{type_id}
    </update>
    
    <!-- 请假类型删除 支持批量删除 item="type_id" #{type_id}-->
    <delete id="deleteLeave_typesByIds" >
        DELETE FROM leave_types WHERE type_id=#{type_id}
    </delete>
</mapper>