<?xml version="1.0" encoding="UTF-8"?>
<!DOCTYPE mapper PUBLIC "-//mybatis.org//DTD Mapper 3.0//EN" "http://mybatis.org/dtd/mybatis-3-mapper.dtd" >
<!-- 
  @Description: 工厂Mapper配置文件
  @author: 
  @date: 
-->
<mapper namespace="com.example.factory.mapper.FactoryMapper">
 
   <!-- 单条件获取符合条件的工厂数量 -->
   <select id="getFactoryCount" resultType="int">
        SELECT COUNT(*) FROM factory
        <where>
	        <if test="keywords!=null">
	           AND (factory_name LIKE concat('%',#{keywords},'%')
	        </if>
	        <if test="keywords!=null">
	           OR factory_profile LIKE concat('%',#{keywords},'%') )
	        </if>
        </where>
   </select>
   
   <!--单条件分页查询工厂信息-->
   <select id="listFactory" resultType="Factory">
       SELECT * FROM factory
       <where>
	        <if test="keywords!=null">
	           AND (factory_name LIKE concat('%',#{keywords},'%')
	        </if>
	        <if test="keywords!=null">
	           OR factory_profile LIKE concat('%',#{keywords},'%') )
	        </if>
       </where>
        ORDER BY factory_name  limit #{pageNum},#{maxPageNum};
    </select>
    
   <!--根据user_id获取工厂记录-->
   <select id="listFactoryByUserid" resultType="Factory">
       SELECT * FROM factory 
       <where>
	       user_id = #{user_id}
	   </where>
       ORDER BY id;
   </select>
    
    <!-- 工厂添加 -->
    <insert id="addFactory" parameterType="Factory">
       INSERT INTO factory 
       <set>
	        <if test="factory_name !=null and factory_name !=''">
	           factory_name=#{factory_name},
	        </if>
	        <if test="factory_profile !=null and factory_profile !=''">
	           factory_profile=#{factory_profile},
	        </if>
	        <if test="factory_status !=null and factory_status !=''">
	           factory_status=#{factory_status},
	        </if>
	         <if test="user_id !=null and user_id !=''">
	           user_id=#{user_id},
	        </if>
	         <if test="contact_info !=null and contact_info !=''">
	           contact_info=#{contact_info},
	        </if>
	        <if test="contacts !=null and contacts !=''">
	           contacts=#{contacts},
	        </if>
       </set> 
    </insert>
    
    <!-- 工厂更新 -->
    <update id="updateFactoryById" parameterType="java.util.Map">
        UPDATE factory
        <set>
           <if test="factory_name !=null and factory_name !=''">
	           factory_name=#{factory_name},
	        </if>
	        <if test="factory_profile !=null and factory_profile !=''">
	           factory_profile=#{factory_profile},
	        </if>
	        <if test="factory_status !=null and factory_status !=''">
	           factory_status=#{factory_status},
	        </if>
	         <if test="user_id !=null and user_id !=''">
	           user_id=#{user_id},
	        </if>
	         <if test="contact_info !=null and contact_info !=''">
	           contact_info=#{contact_info},
	        </if>
	        <if test="contacts !=null and contacts !=''">
	           contacts=#{contacts},
	        </if>
       </set> 
        WHERE id=#{id}
    </update>
    
    <!-- 工厂删除 支持批量删除 item="id" #{id}-->
    <delete id="deleteFactoryByIds" >
        DELETE FROM factory WHERE id=#{id}
    </delete>
</mapper>