<?xml version="1.0" encoding="UTF-8"?>
<!DOCTYPE mapper PUBLIC "-//mybatis.org//DTD Mapper 3.0//EN" "http://mybatis.org/dtd/mybatis-3-mapper.dtd" >
<!-- 
  @Description: 加班记录Mapper配置文件
  @author:徐天鹏
  @date: 2025/9/23
-->
<mapper namespace="com.example.factory.mapper.Overtime_recordsMapper">
 
   <!-- 单条件获取加班记录数量 -->
   <select id="getOvertime_recordsCount" resultType="int">
        SELECT COUNT(*) FROM overtime_records
        <where>
	        <if test="keywords!=null">
	           AND (overtime_id LIKE concat('%',#{keywords},'%')
	        </if>
	        <if test="keywords!=null">
	           OR employee_id LIKE concat('%',#{keywords},'%') )
	        </if>
        </where>
   </select>
   
   <!--单条件分页获取加班记录记录-->
   <select id="listOvertime_records" resultType="Overtime_records">
       SELECT * FROM overtime_records
       <where>
	       <if test="keywords!=null">
	           AND (overtime_id LIKE concat('%',#{keywords},'%')
	       </if>
	       <if test="keywords!=null">
	            OR employee_id LIKE concat('%',#{keywords},'%') )
	       </if>
       </where>
        ORDER BY overtime_id  limit #{pageNum},#{maxPageNum};
    </select>
    
    <!-- 加班记录添加 -->    
    <insert id="addOvertime_records" parameterType="java.util.Map">
       INSERT INTO overtime_records 
       <set>
	        <if test="overtime_id !=null and overtime_id !=''">
	           overtime_id=#{overtime_id},
	        </if>
	        <if test="employee_id !=null and employee_id !=''">
	           employee_id=#{employee_id},
	        </if>
	        <if test="start_time !=null and start_time !=''">
	           start_time=#{start_time},
	        </if>
	        <if test="end_time !=null and end_time !=''">
	           end_time=#{end_time},
	        </if>
	        <if test="duration !=null and duration !=''">
	           duration=#{duration},
	        </if>
	        <if test="multiplier !=null and multiplier !=''">
	           multiplier=#{multiplier},
	        </if>
	        <if test="status !=null and status !=''">
	           status=#{status},
	        </if>
	        <if test="created_time !=null and created_time !=''">
	           created_time=#{created_time},
	        </if>
       </set> 
    </insert>
    
    
    <!-- 加班记录更新 -->
    <update id="updateOvertime_recordsById" parameterType="java.util.Map">
        UPDATE overtime_records
        <set>
        	<if test="employee_id !=null and employee_id !=''">
	           employee_id=#{employee_id},
	        </if>
	        <if test="start_time !=null and start_time !=''">
	           start_time=#{start_time},
	        </if>
	        <if test="end_time !=null and end_time !=''">
	           end_time=#{end_time},
	        </if>
	        <if test="duration !=null and duration !=''">
	           duration=#{duration},
	        </if>
	        <if test="multiplier !=null and multiplier !=''">
	           multiplier=#{multiplier},
	        </if>
	        <if test="status !=null and status !=''">
	           status=#{status},
	        </if>
	        <if test="created_time !=null and created_time !=''">
	           created_time=#{created_time},
	        </if>
        </set>
        WHERE overtime_id=#{overtime_id}
    </update>
    
    <!-- 加班记录删除 支持批量删除 item="overtime_id" #{overtime_id}-->
    <delete id="deleteOvertime_recordsByIds" >
        DELETE FROM overtime_records WHERE overtime_id=#{overtime_id}
    </delete>
</mapper>
    