<?xml version="1.0" encoding="UTF-8"?>
<!DOCTYPE mapper PUBLIC "-//mybatis.org//DTD Mapper 3.0//EN" "http://mybatis.org/dtd/mybatis-3-mapper.dtd" >
<!-- 
  @Description: 班次表Mapper配置文件
  @author: 孙勤学
  @date: 2025/9/4
-->
<mapper namespace="com.example.factory.mapper.ShiftsMapper">
 
   <!-- 单条件获取班次表数量（单表） -->
   <select id="getShiftsCount" resultType="int">
        SELECT COUNT(*) FROM shifts
        <where>
	        <if test="keywords!=null">
	           AND (shift_id LIKE concat('%',#{keywords},'%')
	        </if>
	        <if test="keywords!=null">
	           OR shift_name LIKE concat('%',#{keywords},'%') )
	        </if>
        </where>
   </select>
   
   <!-- 单条件获取班次表数量 （多表）-->
   <select id="getShiftsCount02" resultType="int">
       SELECT COUNT(*) FROM shifts
	   <where>
	        <if test="keywords!=null">
	           AND (shift_id LIKE concat('%',#{keywords},'%')
	        </if>
	        <if test="keywords!=null">
	           OR shift_name LIKE concat('%',#{keywords},'%') )
	        </if>
        </where>
   </select>
   
   <!--单条件分页获取班次表记录（单表）-->
   <select id="listShifts" resultType="Shifts">
       SELECT * FROM shifts
       <where>
	       <if test="keywords!=null">
	           AND (shift_id LIKE concat('%',#{keywords},'%')
	        </if>
	        <if test="keywords!=null">
	           OR shift_name LIKE concat('%',#{keywords},'%') )
	        </if>
       </where>
        ORDER BY shift_id  limit #{pageNum},#{maxPageNum};
    </select>
    
       <!--单条件分页获取班次表记录（多表）-->
   <select id="listShifts02" resultType="java.util.Map">
       SELECT shift_id,shift_name FROM shifts
	       <where>
	       <if test="keywords!=null">
	           AND (shift_id LIKE concat('%',#{keywords},'%')
	        </if>
	        <if test="keywords!=null">
	           OR shift_name LIKE concat('%',#{keywords},'%') )
	        </if>
       </where>

        ORDER BY shift_id  limit #{pageNum},#{maxPageNum};
    </select>
    
    <!-- 班次表添加 -->
    <insert id="addShifts" parameterType="java.util.Map">
       INSERT INTO shifts 
       <set>
	        <if test="shift_id !=null and shift_id !=''">
	           shift_id=#{shift_id},
	        </if>
	        <if test="shift_name !=null and shift_name !=''">
	           shift_name=#{shift_name},
	        </if>
	        <if test="start_time !=null and start_time !=''">
	           start_time=#{start_time},
	        </if>
	         <if test="end_time !=null and end_time !=''">
	           end_time=#{end_time},
	        </if>
	        <if test="flexible_minutes !=null and flexible_minutes !=''">
	           flexible_minutes=#{flexible_minutes},
	        </if>
	        <if test="created_time !=null and created_time !=''">
	           created_time=#{created_time},
	        </if>
       </set> 
    </insert>
    
    
    <!-- 班次表更新 -->
    <update id="updateShiftsById" parameterType="java.util.Map">
        UPDATE shifts
        <set>
	        <if test="shift_name !=null and shift_name !=''">
	           shift_name=#{shift_name},
	        </if>
	        <if test="start_time !=null and start_time !=''">
	           start_time=#{start_time},
	        </if>
	         <if test="end_time !=null and end_time !=''">
	           end_time=#{end_time},
	        </if>
	        <if test="flexible_minutes !=null and flexible_minutes !=''">
	           flexible_minutes=#{flexible_minutes},
	        </if>
	        <if test="created_time !=null and created_time !=''">
	           created_time=#{created_time},
	        </if>
        </set>
        WHERE shift_id=#{shift_id}
    </update>
    
    <!-- 班次表删除 支持批量删除 item="shift_id" #{shift_id}-->
    <delete id="deleteShiftsByIds" >
        DELETE FROM shifts WHERE shift_id=#{shift_id}
    </delete>
</mapper>