<?xml version="1.0" encoding="UTF-8"?>
<!DOCTYPE mapper PUBLIC "-//mybatis.org//DTD Mapper 3.0//EN" "http://mybatis.org/dtd/mybatis-3-mapper.dtd" >
<!-- 
  @Description: 系统日志表Mapper配置文件
  @author: 孙勤学
  @date: 2025/9/4
-->
<mapper namespace="com.example.factory.mapper.System_logsMapper">
 
   <!-- 单条件获取系统日志表数量（单表） -->
   <select id="getSystem_logsCount" resultType="int">
        SELECT COUNT(*) FROM system_logs
        <where>
	        <if test="keywords!=null">
	           AND (log_id LIKE concat('%',#{keywords},'%')
	        </if>
	        <if test="keywords!=null">
	           OR user_id LIKE concat('%',#{keywords},'%') OR action_type LIKE concat('%',#{keywords},'%') )
	        </if>
        </where>
   </select>
   
   <!-- 单条件获取系统日志表数量 （多表）-->
   <select id="getSystem_logsCount02" resultType="int">
       SELECT COUNT(*) FROM system_logs
	   <where>
	        <if test="keywords!=null">
	           AND (log_id LIKE concat('%',#{keywords},'%')
	        </if>
	        <if test="keywords!=null">
	           OR user_id LIKE concat('%',#{keywords},'%') OR action_type LIKE concat('%',#{keywords},'%') )
	        </if>
        </where>
   </select>
   
   <!--单条件分页获取系统日志表记录（单表）-->
   <select id="listSystem_logs" resultType="System_logs">
       SELECT * FROM system_logs
       <where>
	       <if test="keywords!=null">
	           AND (log_id LIKE concat('%',#{keywords},'%')
	        </if>
	        <if test="keywords!=null">
	           OR user_id LIKE concat('%',#{keywords},'%') OR action_type LIKE concat('%',#{keywords},'%') )
	        </if>
       </where>
        ORDER BY log_id limit #{pageNum},#{maxPageNum};
    </select>
    
    <!--单条件分页获取系统日志表记录（多表）-->
   <select id="listSystem_logs02" resultType="java.util.Map">
       SELECT log_id, user_id, action_type, action_details, ip_address, created_time FROM system_logs
       <where>
	       <if test="keywords!=null">
	           AND (log_id LIKE concat('%',#{keywords},'%')
	        </if>
	        <if test="keywords!=null">
	           OR user_id LIKE concat('%',#{keywords},'%') OR action_type LIKE concat('%',#{keywords},'%') )
	        </if>
       </where>
        ORDER BY log_id limit #{pageNum},#{maxPageNum};
    </select>
    
    <!-- 系统日志表添加 -->
    <insert id="addSystem_logs" parameterType="java.util.Map">
       INSERT INTO system_logs 
       <set>
	        <if test="log_id !=null and log_id !=''">
	           log_id=#{log_id},
	        </if>
	        <if test="user_id !=null and user_id !=''">
	           user_id=#{user_id},
	        </if>
	        <if test="action_type !=null and action_type !=''">
	           action_type=#{action_type},
	        </if>
	        <if test="action_details !=null and action_details !=''">
	           action_details=#{action_details},
	        </if>
	        <if test="ip_address !=null and ip_address !=''">
	           ip_address=#{ip_address},
	        </if>
	        <if test="created_time !=null and created_time !=''">
	           created_time=#{created_time},
	        </if>
       </set> 
    </insert>
    
    <!-- 系统日志表更新 -->
    <update id="updateSystem_logsById" parameterType="java.util.Map">
        UPDATE system_logs
        <set>
	        <if test="user_id !=null and user_id !=''">
	           user_id=#{user_id},
	        </if>
	        <if test="action_type !=null and action_type !=''">
	           action_type=#{action_type},
	        </if>
	        <if test="action_details !=null and action_details !=''">
	           action_details=#{action_details},
	        </if>
	        <if test="ip_address !=null and ip_address !=''">
	           ip_address=#{ip_address},
	        </if>
	        <if test="created_time !=null and created_time !=''">
	           created_time=#{created_time},
	        </if>
        </set>
        WHERE log_id=#{log_id}
    </update>
    
    
    <!-- 系统日志表删除 支持批量删除 -->
    <delete id="deleteSystem_logsByIds" >
        DELETE FROM system_logs WHERE log_id=#{log_id}
    </delete>
</mapper>