<?xml version="1.0" encoding="UTF-8"?>
<!DOCTYPE mapper PUBLIC "-//mybatis.org//DTD Mapper 3.0//EN" "http://mybatis.org/dtd/mybatis-3-mapper.dtd" >
<!-- 
  @Description: 用户Mapper配置文件
  @author: 
  @date: 
-->
<mapper namespace="com.example.factory.mapper.UserMapper">
 
   <!-- 单条件获取符合条件的用户数量 -->
   <select id="getUserCount" resultType="int">
        SELECT COUNT(*) FROM user
        <where>
	        <if test="keywords!=null">
	           AND (user_name LIKE concat('%',#{keywords},'%')
	        </if>
	        <if test="keywords!=null">
	           OR real_name LIKE concat('%',#{keywords},'%') )
	        </if>
        </where>
   </select>
   
   <!--单条件分页查询用户信息-->
   <select id="listUser" resultType="User">
       SELECT * FROM user
       <where>
	       <if test="keywords!=null">
	           AND (user_name LIKE concat('%',#{keywords},'%')
	       </if>
	       <if test="keywords!=null">
	            OR real_name LIKE concat('%',#{keywords},'%') )
	       </if>
       </where>
        ORDER BY id  limit #{pageNum},#{maxPageNum};
    </select>
    
    <!-- 用户添加 -->
    <insert id="addUser" parameterType="java.util.Map">
       INSERT INTO user 
       <set>
	        <if test="id !=null and id !=''">
	           id=#{id},
	        </if>
	        <if test="user_name !=null and user_name !=''">
	           user_name=#{user_name},
	        </if>
	        <if test="user_password !=null and user_password !=''">
	           user_password=#{user_password},
	        </if>
	        <if test="real_name !=null and real_name !=''">
	           real_name=#{real_name},
	        </if>
	        <if test="role_id !=null and role_id !=''">
	           role_id=#{role_id},
	        </if>
	    </set> 
    </insert>
    
    <!-- 用户添加   插入获取主键 -->
    <insert id="addUser2" parameterType="User">
    <selectKey keyProperty="id" resultType="int" order="AFTER">
          select LAST_INSERT_ID()
       </selectKey>
       INSERT INTO user 
       <set>
	        <if test="id !=null and id !=''">
	           id=#{id},
	        </if>
	        <if test="user_name !=null and user_name !=''">
	           user_name=#{user_name},
	        </if>
	        <if test="user_password !=null and user_password !=''">
	           user_password=#{user_password},
	        </if>
	        <if test="real_name !=null and real_name !=''">
	           real_name=#{real_name},
	        </if>
	        <if test="role_id !=null and role_id !=''">
	           role_id=#{role_id},
	        </if>
	   </set> 
    </insert>
    
    <!-- 用户更新 -->
    <update id="updateUserById" parameterType="java.util.Map">
        UPDATE user
        <set>
	        <if test="id !=null and id !=''">
	           id=#{id},
	        </if>
	        <if test="user_name !=null and user_name !=''">
	           user_name=#{user_name},
	        </if>
	        <if test="user_password !=null and user_password !=''">
	           user_password=#{user_password},
	        </if>
	        <if test="real_name !=null and real_name !=''">
	           real_name=#{real_name},
	        </if>
	        <if test="role_id !=null and role_id !=''">
	           role_id=#{role_id},
	        </if>
	    </set>
        WHERE id=#{id}
    </update>
    
    <!-- 用户删除 支持批量删除 item="id" #{id}-->
    <delete id="deleteUserByIds" >
        DELETE FROM user WHERE id=#{id}
    </delete>
</mapper>